tile,grass_tile_2,32,32,0
tile,grass_tile_2,32,96,0
tile,grass_tile_1,32,160,0
tile,grass_tile_1,32,224,0
tile,grass_tile_2,32,288,0
tile,grass_tile_1,32,352,0
tile,grass_tile_2,32,416,0
tile,grass_tile_2,32,480,0
tile,grass_tile_2,32,544,0
tile,grass_tile_1,32,608,0
tile,grass_tile_1,32,672,0
tile,grass_tile_2,32,736,0
tile,grass_tile_2,32,800,0
tile,grass_tile_2,32,864,0
tile,grass_tile_2,32,928,0
tile,grass_tile_1,32,992,0
tile,grass_tile_2,32,1056,0
tile,grass_tile_1,32,1120,0
tile,grass_tile_1,32,1184,0
tile,grass_tile_1,32,1248,0
tile,grass_tile_1,32,1312,0
tile,grass_tile_2,32,1376,0
tile,grass_tile_1,32,1440,0
tile,grass_tile_2,32,1504,0
tile,grass_tile_2,32,1568,0
tile,grass_tile_2,32,1632,0
tile,grass_tile_2,32,1696,0
tile,grass_tile_1,32,1760,0
tile,grass_tile_2,32,1824,0
tile,grass_tile_1,32,1888,0
tile,grass_tile_1,32,1952,0
tile,grass_tile_2,32,2016,0
tile,grass_tile_2,32,2080,0
tile,grass_tile_2,32,2144,0
tile,grass_tile_2,32,2208,0
tile,grass_tile_2,32,2272,0
tile,grass_tile_2,32,2336,0
tile,grass_tile_1,32,2400,0
tile,grass_tile_2,32,2464,0
tile,grass_tile_2,32,2528,0
tile,grass_tile_1,32,2592,0
tile,grass_tile_2,32,2656,0
tile,grass_tile_2,32,2720,0
tile,grass_tile_2,32,2784,0
tile,grass_tile_1,32,2848,0
tile,grass_tile_1,32,2912,0
tile,grass_tile_2,32,2976,0
tile,grass_tile_2,32,3040,0
tile,grass_tile_2,32,3104,0
tile,grass_tile_2,32,3168,0
tile,grass_tile_2,32,3232,0
tile,grass_tile_2,32,3296,0
tile,grass_tile_2,32,3360,0
tile,grass_tile_1,32,3424,0
tile,grass_tile_1,32,3488,0
tile,grass_tile_2,32,3552,0
tile,grass_tile_2,32,3616,0
tile,grass_tile_1,32,3680,0
tile,grass_tile_1,32,3744,0
tile,grass_tile_2,32,3808,0
tile,grass_tile_1,32,3872,0
tile,grass_tile_1,32,3936,0
tile,grass_tile_2,32,4000,0
tile,grass_tile_2,32,4064,0
tile,grass_tile_1,96,32,0
tile,grass_tile_2,96,96,0
tile,grass_tile_1,96,160,0
tile,grass_tile_1,96,224,0
tile,grass_tile_1,96,288,0
tile,grass_tile_1,96,352,0
tile,grass_tile_2,96,416,0
tile,grass_tile_2,96,480,0
tile,grass_tile_1,96,544,0
tile,grass_tile_1,96,608,0
tile,grass_tile_1,96,672,0
tile,grass_tile_1,96,736,0
tile,grass_tile_2,96,800,0
tile,grass_tile_2,96,864,0
tile,grass_tile_1,96,928,0
tile,grass_tile_1,96,992,0
tile,grass_tile_2,96,1056,0
tile,grass_tile_1,96,1120,0
tile,rock_tile_1,96,1184,0
tile,grass_tile_2,96,1248,0
tile,grass_tile_2,96,1312,0
tile,rock_tile_1,96,1376,0
tile,grass_tile_1,96,1440,0
tile,grass_tile_1,96,1504,0
tile,grass_tile_1,96,1568,0
tile,grass_tile_1,96,1632,0
tile,grass_tile_1,96,1696,0
tile,grass_tile_1,96,1760,0
tile,grass_tile_2,96,1824,0
tile,grass_tile_1,96,1888,0
tile,grass_tile_2,96,1952,0
tile,rock_tile_1,96,2016,0
tile,grass_tile_1,96,2080,0
tile,grass_tile_1,96,2144,0
tile,rock_tile_1,96,2208,0
tile,grass_tile_2,96,2272,0
tile,grass_tile_2,96,2336,0
tile,grass_tile_2,96,2400,0
tile,grass_tile_2,96,2464,0
tile,grass_tile_2,96,2528,0
tile,grass_tile_2,96,2592,0
tile,grass_tile_2,96,2656,0
tile,rock_tile_1,96,2720,0
tile,grass_tile_2,96,2784,0
tile,rock_tile_1,96,2848,0
tile,grass_tile_2,96,2912,0
tile,grass_tile_2,96,2976,0
tile,grass_tile_1,96,3040,0
tile,grass_tile_2,96,3104,0
tile,grass_tile_2,96,3168,0
tile,grass_tile_2,96,3232,0
tile,grass_tile_1,96,3296,0
tile,grass_tile_2,96,3360,0
tile,grass_tile_2,96,3424,0
tile,grass_tile_1,96,3488,0
tile,grass_tile_1,96,3552,0
tile,grass_tile_1,96,3616,0
tile,grass_tile_1,96,3680,0
tile,grass_tile_1,96,3744,0
tile,grass_tile_2,96,3808,0
tile,grass_tile_1,96,3872,0
tile,grass_tile_1,96,3936,0
tile,rock_tile_1,96,4000,0
tile,grass_tile_2,96,4064,0
tile,grass_tile_2,160,32,0
tile,rock_tile_1,160,96,0
tile,grass_tile_1,160,160,0
tile,grass_tile_1,160,224,0
tile,grass_tile_1,160,288,0
tile,grass_tile_2,160,352,0
tile,grass_tile_2,160,416,0
tile,grass_tile_1,160,480,0
tile,grass_tile_2,160,544,0
tile,grass_tile_2,160,608,0
tile,grass_tile_1,160,672,0
tile,grass_tile_2,160,736,0
tile,grass_tile_1,160,800,0
tile,grass_tile_2,160,864,0
tile,grass_tile_2,160,928,0
tile,grass_tile_2,160,992,0
tile,grass_tile_2,160,1056,0
tile,grass_tile_2,160,1120,0
tile,grass_tile_1,160,1184,0
tile,grass_tile_2,160,1248,0
tile,grass_tile_2,160,1312,0
tile,grass_tile_1,160,1376,0
tile,grass_tile_2,160,1440,0
tile,grass_tile_2,160,1504,0
tile,grass_tile_2,160,1568,0
tile,grass_tile_1,160,1632,0
tile,grass_tile_1,160,1696,0
tile,grass_tile_2,160,1760,0
tile,grass_tile_2,160,1824,0
tile,grass_tile_2,160,1888,0
tile,rock_tile_1,160,1952,0
tile,grass_tile_2,160,2016,0
tile,grass_tile_2,160,2080,0
tile,grass_tile_1,160,2144,0
tile,grass_tile_2,160,2208,0
tile,grass_tile_2,160,2272,0
tile,grass_tile_2,160,2336,0
tile,grass_tile_1,160,2400,0
tile,grass_tile_1,160,2464,0
tile,grass_tile_2,160,2528,0
tile,grass_tile_2,160,2592,0
tile,grass_tile_1,160,2656,0
tile,grass_tile_1,160,2720,0
tile,grass_tile_1,160,2784,0
tile,grass_tile_1,160,2848,0
tile,rock_tile_1,160,2912,0
tile,grass_tile_1,160,2976,0
tile,grass_tile_2,160,3040,0
tile,grass_tile_1,160,3104,0
tile,grass_tile_2,160,3168,0
tile,grass_tile_2,160,3232,0
tile,grass_tile_2,160,3296,0
tile,grass_tile_2,160,3360,0
tile,grass_tile_2,160,3424,0
tile,grass_tile_1,160,3488,0
tile,grass_tile_2,160,3552,0
tile,grass_tile_1,160,3616,0
tile,grass_tile_2,160,3680,0
tile,grass_tile_2,160,3744,0
tile,rock_tile_1,160,3808,0
tile,grass_tile_2,160,3872,0
tile,grass_tile_2,160,3936,0
tile,grass_tile_2,160,4000,0
tile,grass_tile_1,160,4064,0
tile,grass_tile_2,224,32,0
tile,grass_tile_1,224,96,0
tile,grass_tile_1,224,160,0
tile,grass_tile_1,224,224,0
tile,grass_tile_2,224,288,0
tile,grass_tile_1,224,352,0
tile,grass_tile_2,224,416,0
tile,grass_tile_1,224,480,0
tile,grass_tile_2,224,544,0
tile,grass_tile_2,224,608,0
tile,grass_tile_1,224,672,0
tile,grass_tile_1,224,736,0
tile,grass_tile_1,224,800,0
tile,grass_tile_2,224,864,0
tile,grass_tile_2,224,928,0
tile,grass_tile_1,224,992,0
tile,grass_tile_2,224,1056,0
tile,grass_tile_2,224,1120,0
tile,grass_tile_1,224,1184,0
tile,grass_tile_1,224,1248,0
tile,grass_tile_2,224,1312,0
tile,grass_tile_1,224,1376,0
tile,grass_tile_2,224,1440,0
tile,grass_tile_2,224,1504,0
tile,grass_tile_1,224,1568,0
tile,grass_tile_2,224,1632,0
tile,grass_tile_1,224,1696,0
tile,grass_tile_1,224,1760,0
tile,grass_tile_2,224,1824,0
tile,grass_tile_1,224,1888,0
tile,grass_tile_1,224,1952,0
tile,grass_tile_1,224,2016,0
tile,grass_tile_1,224,2080,0
tile,grass_tile_2,224,2144,0
tile,grass_tile_2,224,2208,0
tile,grass_tile_1,224,2272,0
tile,grass_tile_2,224,2336,0
tile,grass_tile_2,224,2400,0
tile,grass_tile_2,224,2464,0
tile,grass_tile_1,224,2528,0
tile,grass_tile_2,224,2592,0
tile,rock_tile_1,224,2656,0
tile,grass_tile_1,224,2720,0
tile,grass_tile_1,224,2784,0
tile,grass_tile_2,224,2848,0
tile,grass_tile_1,224,2912,0
tile,grass_tile_1,224,2976,0
tile,grass_tile_2,224,3040,0
tile,grass_tile_1,224,3104,0
tile,grass_tile_1,224,3168,0
tile,grass_tile_2,224,3232,0
tile,grass_tile_2,224,3296,0
tile,grass_tile_1,224,3360,0
tile,grass_tile_1,224,3424,0
tile,grass_tile_1,224,3488,0
tile,grass_tile_2,224,3552,0
tile,grass_tile_2,224,3616,0
tile,grass_tile_1,224,3680,0
tile,grass_tile_1,224,3744,0
tile,grass_tile_1,224,3808,0
tile,grass_tile_2,224,3872,0
tile,grass_tile_2,224,3936,0
tile,grass_tile_1,224,4000,0
tile,rock_tile_1,224,4064,0
tile,grass_tile_1,288,32,0
tile,grass_tile_2,288,96,0
tile,grass_tile_2,288,160,0
tile,grass_tile_2,288,224,0
tile,grass_tile_1,288,288,0
tile,rock_tile_1,288,352,0
tile,grass_tile_2,288,416,0
tile,grass_tile_1,288,480,0
tile,grass_tile_2,288,544,0
tile,grass_tile_1,288,608,0
tile,grass_tile_1,288,672,0
tile,grass_tile_2,288,736,0
tile,grass_tile_2,288,800,0
tile,grass_tile_1,288,864,0
tile,grass_tile_2,288,928,0
tile,grass_tile_1,288,992,0
tile,grass_tile_2,288,1056,0
tile,grass_tile_1,288,1120,0
tile,grass_tile_2,288,1184,0
tile,grass_tile_2,288,1248,0
tile,grass_tile_2,288,1312,0
tile,grass_tile_1,288,1376,0
tile,grass_tile_2,288,1440,0
tile,grass_tile_1,288,1504,0
tile,grass_tile_2,288,1568,0
tile,grass_tile_2,288,1632,0
tile,grass_tile_1,288,1696,0
tile,grass_tile_2,288,1760,0
tile,grass_tile_2,288,1824,0
tile,grass_tile_1,288,1888,0
tile,grass_tile_2,288,1952,0
tile,rock_tile_1,288,2016,0
tile,grass_tile_1,288,2080,0
tile,grass_tile_2,288,2144,0
tile,grass_tile_2,288,2208,0
tile,grass_tile_2,288,2272,0
tile,grass_tile_1,288,2336,0
tile,grass_tile_2,288,2400,0
tile,grass_tile_1,288,2464,0
tile,grass_tile_2,288,2528,0
tile,grass_tile_1,288,2592,0
tile,grass_tile_2,288,2656,0
tile,grass_tile_2,288,2720,0
tile,grass_tile_2,288,2784,0
tile,grass_tile_2,288,2848,0
tile,grass_tile_1,288,2912,0
tile,grass_tile_2,288,2976,0
tile,grass_tile_1,288,3040,0
tile,grass_tile_1,288,3104,0
tile,grass_tile_1,288,3168,0
tile,grass_tile_1,288,3232,0
tile,grass_tile_1,288,3296,0
tile,grass_tile_2,288,3360,0
tile,grass_tile_2,288,3424,0
tile,grass_tile_2,288,3488,0
tile,rock_tile_1,288,3552,0
tile,grass_tile_2,288,3616,0
tile,grass_tile_2,288,3680,0
tile,grass_tile_2,288,3744,0
tile,grass_tile_2,288,3808,0
tile,grass_tile_1,288,3872,0
tile,grass_tile_2,288,3936,0
tile,grass_tile_2,288,4000,0
tile,grass_tile_2,288,4064,0
tile,grass_tile_2,352,32,0
tile,grass_tile_1,352,96,0
tile,grass_tile_1,352,160,0
tile,grass_tile_1,352,224,0
tile,grass_tile_1,352,288,0
tile,grass_tile_1,352,352,0
tile,rock_tile_1,352,416,0
tile,grass_tile_1,352,480,0
tile,grass_tile_2,352,544,0
tile,grass_tile_2,352,608,0
tile,grass_tile_2,352,672,0
tile,grass_tile_2,352,736,0
tile,grass_tile_2,352,800,0
tile,grass_tile_1,352,864,0
tile,grass_tile_2,352,928,0
tile,grass_tile_2,352,992,0
tile,grass_tile_1,352,1056,0
tile,grass_tile_2,352,1120,0
tile,grass_tile_1,352,1184,0
tile,grass_tile_1,352,1248,0
tile,grass_tile_2,352,1312,0
tile,grass_tile_2,352,1376,0
tile,grass_tile_1,352,1440,0
tile,grass_tile_1,352,1504,0
tile,grass_tile_2,352,1568,0
tile,grass_tile_2,352,2080,0
tile,grass_tile_1,352,2144,0
tile,grass_tile_2,352,2208,0
tile,grass_tile_1,352,2272,0
tile,grass_tile_1,352,2336,0
tile,grass_tile_1,352,2400,0
tile,grass_tile_1,352,2464,0
tile,grass_tile_2,352,2528,0
tile,grass_tile_1,352,2592,0
tile,grass_tile_1,352,2656,0
tile,grass_tile_1,352,2720,0
tile,grass_tile_2,352,2784,0
tile,grass_tile_2,352,2848,0
tile,grass_tile_2,352,2912,0
tile,grass_tile_1,352,2976,0
tile,grass_tile_1,352,3040,0
tile,grass_tile_1,352,3104,0
tile,grass_tile_2,352,3168,0
tile,grass_tile_2,352,3232,0
tile,grass_tile_1,352,3296,0
tile,grass_tile_2,352,3360,0
tile,grass_tile_2,352,3424,0
tile,grass_tile_2,352,3488,0
tile,rock_tile_1,352,3552,0
tile,grass_tile_1,352,3616,0
tile,grass_tile_2,352,3680,0
tile,grass_tile_1,352,3744,0
tile,grass_tile_2,352,3808,0
tile,grass_tile_2,352,3872,0
tile,grass_tile_2,352,3936,0
tile,grass_tile_2,352,4000,0
tile,grass_tile_1,352,4064,0
tile,grass_tile_1,416,32,0
tile,grass_tile_2,416,96,0
tile,grass_tile_1,416,160,0
tile,grass_tile_1,416,224,0
tile,grass_tile_1,416,288,0
tile,grass_tile_1,416,352,0
tile,grass_tile_2,416,416,0
tile,grass_tile_1,416,480,0
tile,grass_tile_1,416,544,0
tile,grass_tile_1,416,608,0
tile,grass_tile_2,416,672,0
tile,grass_tile_2,416,736,0
tile,grass_tile_2,416,800,0
tile,grass_tile_1,416,864,0
tile,grass_tile_2,416,928,0
tile,grass_tile_1,416,992,0
tile,grass_tile_1,416,1056,0
tile,grass_tile_1,416,1120,0
tile,grass_tile_2,416,1184,0
tile,grass_tile_2,416,1248,0
tile,grass_tile_1,416,1312,0
tile,grass_tile_1,416,1376,0
tile,grass_tile_2,416,1440,0
tile,grass_tile_1,416,1504,0
tile,grass_tile_2,416,1568,0
tile,grass_tile_1,416,2080,0
tile,grass_tile_2,416,2144,0
tile,grass_tile_2,416,2208,0
tile,grass_tile_1,416,2272,0
tile,grass_tile_2,416,2336,0
tile,grass_tile_2,416,2400,0
tile,grass_tile_2,416,2464,0
tile,grass_tile_2,416,2528,0
tile,grass_tile_1,416,2592,0
tile,grass_tile_2,416,2656,0
tile,grass_tile_1,416,2720,0
tile,grass_tile_2,416,2784,0
tile,rock_tile_1,416,2848,0
tile,grass_tile_1,416,2912,0
tile,rock_tile_1,416,2976,0
tile,grass_tile_1,416,3040,0
tile,grass_tile_2,416,3104,0
tile,grass_tile_1,416,3168,0
tile,grass_tile_2,416,3232,0
tile,grass_tile_2,416,3296,0
tile,grass_tile_1,416,3360,0
tile,grass_tile_1,416,3424,0
tile,grass_tile_1,416,3488,0
tile,grass_tile_1,416,3552,0
tile,grass_tile_2,416,3616,0
tile,grass_tile_2,416,3680,0
tile,grass_tile_1,416,3744,0
tile,grass_tile_2,416,3808,0
tile,grass_tile_1,416,3872,0
tile,grass_tile_1,416,3936,0
tile,grass_tile_2,416,4000,0
tile,grass_tile_1,416,4064,0
tile,grass_tile_2,480,32,0
tile,grass_tile_2,480,96,0
tile,grass_tile_2,480,160,0
tile,grass_tile_1,480,224,0
tile,grass_tile_1,480,288,0
tile,grass_tile_2,480,352,0
tile,grass_tile_1,480,416,0
tile,grass_tile_2,480,480,0
tile,grass_tile_1,480,544,0
tile,grass_tile_2,480,608,0
tile,grass_tile_2,480,672,0
tile,grass_tile_1,480,736,0
tile,grass_tile_1,480,800,0
tile,grass_tile_1,480,864,0
tile,grass_tile_1,480,928,0
tile,grass_tile_1,480,992,0
tile,grass_tile_1,480,1056,0
tile,grass_tile_1,480,1120,0
tile,grass_tile_2,480,1184,0
tile,grass_tile_2,480,1248,0
tile,grass_tile_2,480,1312,0
tile,grass_tile_2,480,1376,0
tile,grass_tile_2,480,1440,0
tile,grass_tile_2,480,1504,0
tile,grass_tile_2,480,1568,0
tile,grass_tile_1,480,2080,0
tile,grass_tile_2,480,2144,0
tile,grass_tile_1,480,2208,0
tile,grass_tile_1,480,2272,0
tile,grass_tile_2,480,2336,0
tile,grass_tile_2,480,2400,0
tile,grass_tile_2,480,2464,0
tile,grass_tile_1,480,2528,0
tile,grass_tile_2,480,2592,0
tile,grass_tile_1,480,2656,0
tile,grass_tile_2,480,2720,0
tile,grass_tile_1,480,2784,0
tile,rock_tile_1,480,2848,0
tile,grass_tile_2,480,2912,0
tile,rock_tile_1,480,2976,0
tile,grass_tile_1,480,3040,0
tile,rock_tile_1,480,3104,0
tile,grass_tile_2,480,3168,0
tile,grass_tile_1,480,3232,0
tile,grass_tile_2,480,3296,0
tile,grass_tile_1,480,3360,0
tile,grass_tile_2,480,3424,0
tile,rock_tile_1,480,3488,0
tile,rock_tile_1,480,3552,0
tile,grass_tile_2,480,3616,0
tile,grass_tile_1,480,3680,0
tile,grass_tile_1,480,3744,0
tile,grass_tile_2,480,3808,0
tile,grass_tile_1,480,3872,0
tile,grass_tile_1,480,3936,0
tile,grass_tile_1,480,4000,0
tile,grass_tile_1,480,4064,0
tile,grass_tile_1,544,32,0
tile,grass_tile_1,544,96,0
tile,grass_tile_2,544,160,0
tile,grass_tile_1,544,224,0
tile,grass_tile_2,544,288,0
tile,grass_tile_1,544,352,0
tile,grass_tile_1,544,416,0
tile,grass_tile_2,544,480,0
tile,grass_tile_2,544,544,0
tile,grass_tile_2,544,608,0
tile,grass_tile_1,544,672,0
tile,grass_tile_2,544,736,0
tile,grass_tile_2,544,800,0
tile,grass_tile_1,544,864,0
tile,grass_tile_1,544,928,0
tile,grass_tile_2,544,992,0
tile,grass_tile_1,544,1056,0
tile,grass_tile_2,544,1120,0
tile,grass_tile_1,544,1184,0
tile,grass_tile_2,544,1248,0
tile,grass_tile_1,544,1312,0
tile,grass_tile_1,544,1376,0
tile,grass_tile_2,544,1440,0
tile,grass_tile_2,544,1504,0
tile,grass_tile_1,544,1568,0
tile,grass_tile_2,544,2656,0
tile,grass_tile_1,544,2720,0
tile,grass_tile_2,544,2784,0
tile,grass_tile_2,544,2848,0
tile,grass_tile_2,544,2912,0
tile,grass_tile_2,544,2976,0
tile,grass_tile_1,544,3040,0
tile,grass_tile_2,544,3104,0
tile,grass_tile_1,544,3168,0
tile,grass_tile_1,544,3232,0
tile,grass_tile_2,544,3296,0
tile,grass_tile_1,544,3360,0
tile,grass_tile_1,544,3424,0
tile,grass_tile_1,544,3488,0
tile,rock_tile_1,544,3552,0
tile,grass_tile_1,544,3616,0
tile,grass_tile_2,544,3680,0
tile,grass_tile_2,544,3744,0
tile,grass_tile_1,544,3808,0
tile,rock_tile_1,544,3872,0
tile,grass_tile_2,544,3936,0
tile,grass_tile_1,544,4000,0
tile,grass_tile_1,544,4064,0
tile,grass_tile_2,608,32,0
tile,grass_tile_1,608,96,0
tile,grass_tile_2,608,160,0
tile,grass_tile_1,608,224,0
tile,grass_tile_2,608,288,0
tile,grass_tile_2,608,352,0
tile,grass_tile_2,608,416,0
tile,grass_tile_1,608,480,0
tile,grass_tile_2,608,544,0
tile,grass_tile_2,608,608,0
tile,grass_tile_2,608,672,0
tile,grass_tile_2,608,736,0
tile,grass_tile_1,608,800,0
tile,grass_tile_2,608,864,0
tile,grass_tile_2,608,928,0
tile,grass_tile_1,608,992,0
tile,grass_tile_2,608,1056,0
tile,grass_tile_2,608,1120,0
tile,grass_tile_2,608,1184,0
tile,grass_tile_2,608,1248,0
tile,grass_tile_2,608,1312,0
tile,grass_tile_1,608,1376,0
tile,grass_tile_1,608,1440,0
tile,grass_tile_2,608,1504,0
tile,grass_tile_2,608,1568,0
tile,grass_tile_2,608,2656,0
tile,grass_tile_2,608,2720,0
tile,grass_tile_2,608,2784,0
tile,grass_tile_2,608,2848,0
tile,grass_tile_2,608,2912,0
tile,grass_tile_2,608,2976,0
tile,grass_tile_2,608,3040,0
tile,rock_tile_1,608,3104,0
tile,grass_tile_2,608,3168,0
tile,grass_tile_2,608,3232,0
tile,grass_tile_1,608,3296,0
tile,grass_tile_1,608,3360,0
tile,grass_tile_1,608,3424,0
tile,grass_tile_2,608,3488,0
tile,grass_tile_1,608,3552,0
tile,rock_tile_1,608,3616,0
tile,grass_tile_2,608,3680,0
tile,grass_tile_1,608,3744,0
tile,grass_tile_1,608,3808,0
tile,grass_tile_2,608,3872,0
tile,grass_tile_2,608,3936,0
tile,grass_tile_2,608,4000,0
tile,grass_tile_1,608,4064,0
tile,grass_tile_2,672,32,0
tile,grass_tile_1,672,96,0
tile,grass_tile_1,672,160,0
tile,grass_tile_2,672,224,0
tile,grass_tile_2,672,288,0
tile,rock_tile_1,672,352,0
tile,grass_tile_1,672,416,0
tile,grass_tile_1,672,480,0
tile,grass_tile_2,672,544,0
tile,grass_tile_1,672,608,0
tile,grass_tile_2,672,672,0
tile,grass_tile_1,672,736,0
tile,grass_tile_1,672,800,0
tile,grass_tile_2,672,864,0
tile,grass_tile_2,672,928,0
tile,rock_tile_1,672,992,0
tile,rock_tile_1,672,1056,0
tile,grass_tile_2,672,1120,0
tile,grass_tile_1,672,1184,0
tile,grass_tile_1,672,1248,0
tile,grass_tile_2,672,1312,0
tile,grass_tile_2,672,1376,0
tile,rock_tile_1,672,1440,0
tile,grass_tile_2,672,1504,0
tile,grass_tile_2,672,1568,0
tile,grass_tile_1,672,2784,0
tile,grass_tile_2,672,2848,0
tile,grass_tile_2,672,2912,0
tile,grass_tile_2,672,2976,0
tile,grass_tile_2,672,3040,0
tile,grass_tile_2,672,3104,0
tile,grass_tile_2,672,3168,0
tile,grass_tile_2,672,3232,0
tile,grass_tile_1,672,3296,0
tile,grass_tile_1,672,3360,0
tile,rock_tile_1,672,3424,0
tile,grass_tile_1,672,3488,0
tile,grass_tile_2,672,3552,0
tile,grass_tile_2,672,3616,0
tile,grass_tile_2,672,3680,0
tile,grass_tile_1,672,3744,0
tile,grass_tile_2,672,3808,0
tile,grass_tile_1,672,3872,0
tile,grass_tile_2,672,3936,0
tile,rock_tile_1,672,4000,0
tile,grass_tile_1,672,4064,0
tile,grass_tile_2,736,32,0
tile,grass_tile_1,736,96,0
tile,grass_tile_2,736,160,0
tile,grass_tile_2,736,224,0
tile,grass_tile_2,736,288,0
tile,grass_tile_2,736,352,0
tile,grass_tile_2,736,416,0
tile,grass_tile_1,736,480,0
tile,grass_tile_1,736,544,0
tile,grass_tile_1,736,608,0
tile,grass_tile_2,736,672,0
tile,grass_tile_1,736,736,0
tile,grass_tile_2,736,800,0
tile,grass_tile_1,736,864,0
tile,grass_tile_1,736,928,0
tile,grass_tile_1,736,992,0
tile,grass_tile_1,736,1056,0
tile,grass_tile_2,736,1120,0
tile,grass_tile_2,736,1184,0
tile,grass_tile_2,736,1248,0
tile,grass_tile_1,736,1312,0
tile,grass_tile_2,736,1376,0
tile,grass_tile_2,736,1440,0
tile,grass_tile_2,736,1504,0
tile,grass_tile_1,736,1568,0
tile,grass_tile_1,736,1888,0
tile,grass_tile_2,736,2080,0
tile,grass_tile_2,736,2144,0
tile,grass_tile_2,736,2208,0
tile,grass_tile_2,736,2272,0
tile,grass_tile_2,736,2336,0
tile,grass_tile_1,736,2784,0
tile,grass_tile_2,736,2848,0
tile,grass_tile_2,736,2912,0
tile,grass_tile_1,736,2976,0
tile,grass_tile_2,736,3040,0
tile,grass_tile_2,736,3104,0
tile,grass_tile_2,736,3168,0
tile,grass_tile_2,736,3232,0
tile,grass_tile_1,736,3296,0
tile,grass_tile_1,736,3360,0
tile,grass_tile_1,736,3424,0
tile,grass_tile_2,736,3488,0
tile,grass_tile_2,736,3552,0
tile,grass_tile_1,736,3616,0
tile,grass_tile_2,736,3680,0
tile,grass_tile_2,736,3744,0
tile,grass_tile_2,736,3808,0
tile,grass_tile_1,736,3872,0
tile,grass_tile_1,736,3936,0
tile,grass_tile_2,736,4000,0
tile,grass_tile_1,736,4064,0
tile,grass_tile_2,800,32,0
tile,grass_tile_2,800,96,0
tile,grass_tile_2,800,160,0
tile,grass_tile_1,800,224,0
tile,grass_tile_2,800,288,0
tile,grass_tile_2,800,352,0
tile,rock_tile_1,800,416,0
tile,grass_tile_1,800,480,0
tile,grass_tile_2,800,544,0
tile,grass_tile_1,800,608,0
tile,grass_tile_1,800,672,0
tile,grass_tile_2,800,736,0
tile,grass_tile_1,800,800,0
tile,grass_tile_2,800,864,0
tile,grass_tile_1,800,928,0
tile,grass_tile_2,800,992,0
tile,rock_tile_1,800,1056,0
tile,grass_tile_1,800,1120,0
tile,grass_tile_2,800,1184,0
tile,grass_tile_2,800,1248,0
tile,grass_tile_1,800,1312,0
tile,grass_tile_2,800,1376,0
tile,grass_tile_2,800,1440,0
tile,grass_tile_2,800,1504,0
tile,grass_tile_2,800,1568,0
tile,grass_tile_2,800,1632,0
tile,grass_tile_2,800,1696,0
tile,grass_tile_2,800,1760,0
tile,rock_tile_1,800,1824,0
tile,grass_tile_1,800,1888,0
tile,grass_tile_1,800,2080,0
tile,grass_tile_2,800,2144,0
tile,grass_tile_1,800,2208,0
tile,grass_tile_2,800,2272,0
tile,grass_tile_1,800,2336,0
tile,grass_tile_2,800,2784,0
tile,grass_tile_2,800,2848,0
tile,grass_tile_2,800,2912,0
tile,grass_tile_1,800,2976,0
tile,grass_tile_2,800,3040,0
tile,grass_tile_2,800,3104,0
tile,grass_tile_1,800,3168,0
tile,grass_tile_1,800,3232,0
tile,grass_tile_1,800,3296,0
tile,grass_tile_2,800,3360,0
tile,grass_tile_1,800,3424,0
tile,grass_tile_1,864,32,0
tile,grass_tile_2,864,96,0
tile,grass_tile_1,864,160,0
tile,grass_tile_2,864,224,0
tile,grass_tile_1,864,288,0
tile,grass_tile_2,864,352,0
tile,grass_tile_1,864,416,0
tile,grass_tile_1,864,480,0
tile,grass_tile_1,864,544,0
tile,grass_tile_2,864,608,0
tile,grass_tile_2,864,672,0
tile,grass_tile_1,864,736,0
tile,grass_tile_1,864,800,0
tile,grass_tile_1,864,864,0
tile,grass_tile_2,864,928,0
tile,grass_tile_2,864,992,0
tile,grass_tile_2,864,1056,0
tile,grass_tile_1,864,1120,0
tile,grass_tile_1,864,1184,0
tile,grass_tile_2,864,1248,0
tile,grass_tile_2,864,1312,0
tile,grass_tile_2,864,1376,0
tile,grass_tile_2,864,1440,0
tile,rock_tile_1,864,1504,0
tile,grass_tile_1,864,1568,0
tile,grass_tile_1,864,1632,0
tile,grass_tile_1,864,1696,0
tile,grass_tile_2,864,1760,0
tile,grass_tile_2,864,1824,0
tile,grass_tile_2,864,1888,0
tile,grass_tile_1,864,2080,0
tile,grass_tile_2,864,2144,0
tile,grass_tile_1,864,2208,0
tile,grass_tile_2,864,2272,0
tile,grass_tile_1,864,2336,0
tile,grass_tile_1,864,2784,0
tile,grass_tile_2,864,2848,0
tile,grass_tile_2,864,2912,0
tile,rock_tile_1,864,2976,0
tile,grass_tile_2,864,3040,0
tile,grass_tile_2,864,3104,0
tile,grass_tile_2,864,3168,0
tile,grass_tile_1,864,3232,0
tile,grass_tile_2,864,3296,0
tile,grass_tile_2,864,3360,0
tile,grass_tile_2,864,3424,0
tile,grass_tile_1,928,32,0
tile,grass_tile_2,928,96,0
tile,grass_tile_1,928,160,0
tile,grass_tile_2,928,224,0
tile,grass_tile_2,928,288,0
tile,grass_tile_2,928,352,0
tile,grass_tile_2,928,416,0
tile,grass_tile_1,928,480,0
tile,grass_tile_2,928,544,0
tile,grass_tile_1,928,608,0
tile,rock_tile_1,928,672,0
tile,grass_tile_2,928,736,0
tile,grass_tile_1,928,800,0
tile,grass_tile_2,928,864,0
tile,grass_tile_2,928,928,0
tile,grass_tile_1,928,992,0
tile,grass_tile_2,928,1056,0
tile,grass_tile_2,928,1120,0
tile,grass_tile_2,928,1184,0
tile,grass_tile_1,928,1248,0
tile,grass_tile_1,928,1312,0
tile,grass_tile_2,928,1376,0
tile,grass_tile_2,928,1440,0
tile,grass_tile_1,928,1504,0
tile,grass_tile_1,928,1568,0
tile,grass_tile_1,928,1632,0
tile,grass_tile_1,928,1696,0
tile,grass_tile_1,928,1760,0
tile,grass_tile_2,928,1824,0
tile,grass_tile_2,928,1888,0
tile,grass_tile_1,928,2080,0
tile,grass_tile_1,928,2144,0
tile,grass_tile_1,928,2208,0
tile,grass_tile_1,928,2272,0
tile,grass_tile_2,928,2336,0
tile,grass_tile_2,928,2848,0
tile,grass_tile_2,928,2912,0
tile,grass_tile_2,928,2976,0
tile,grass_tile_2,928,3040,0
tile,grass_tile_2,928,3104,0
tile,grass_tile_2,992,32,0
tile,grass_tile_2,992,96,0
tile,grass_tile_2,992,160,0
tile,grass_tile_2,992,224,0
tile,grass_tile_2,992,288,0
tile,grass_tile_2,992,352,0
tile,grass_tile_1,992,416,0
tile,grass_tile_1,992,480,0
tile,grass_tile_1,992,544,0
tile,grass_tile_1,992,608,0
tile,grass_tile_2,992,672,0
tile,grass_tile_1,992,736,0
tile,grass_tile_1,992,800,0
tile,grass_tile_1,992,864,0
tile,grass_tile_2,992,928,0
tile,grass_tile_2,992,992,0
tile,grass_tile_2,992,1056,0
tile,grass_tile_1,992,1120,0
tile,grass_tile_2,992,1184,0
tile,rock_tile_1,992,1248,0
tile,grass_tile_1,992,1312,0
tile,grass_tile_2,992,1376,0
tile,grass_tile_1,992,1440,0
tile,grass_tile_2,992,1504,0
tile,grass_tile_1,992,1568,0
tile,grass_tile_2,992,1632,0
tile,grass_tile_2,992,1696,0
tile,grass_tile_2,992,1760,0
tile,grass_tile_2,992,1824,0
tile,grass_tile_2,992,1888,0
tile,grass_tile_1,992,2080,0
tile,rock_tile_1,992,2144,0
tile,grass_tile_1,992,2208,0
tile,grass_tile_1,992,2272,0
tile,grass_tile_2,992,2336,0
tile,grass_tile_1,992,2848,0
tile,grass_tile_2,992,2912,0
tile,grass_tile_2,992,2976,0
tile,grass_tile_2,992,3040,0
tile,grass_tile_1,992,3104,0
tile,grass_tile_2,1056,32,0
tile,grass_tile_1,1056,96,0
tile,grass_tile_2,1056,160,0
tile,grass_tile_1,1056,224,0
tile,grass_tile_1,1056,288,0
tile,grass_tile_1,1056,352,0
tile,grass_tile_2,1056,416,0
tile,grass_tile_2,1056,480,0
tile,rock_tile_1,1056,544,0
tile,grass_tile_2,1056,608,0
tile,grass_tile_2,1056,672,0
tile,grass_tile_1,1056,736,0
tile,grass_tile_1,1056,800,0
tile,grass_tile_2,1056,864,0
tile,grass_tile_2,1056,928,0
tile,grass_tile_2,1056,992,0
tile,rock_tile_1,1056,1056,0
tile,grass_tile_2,1056,1120,0
tile,grass_tile_1,1056,1184,0
tile,grass_tile_2,1056,1248,0
tile,grass_tile_2,1056,1312,0
tile,grass_tile_2,1056,1376,0
tile,grass_tile_2,1056,1440,0
tile,grass_tile_2,1056,1504,0
tile,grass_tile_2,1056,1568,0
tile,grass_tile_1,1056,1632,0
tile,grass_tile_2,1056,1696,0
tile,grass_tile_1,1056,1760,0
tile,grass_tile_1,1056,1824,0
tile,rock_tile_1,1056,1888,0
tile,grass_tile_2,1056,2080,0
tile,grass_tile_2,1056,2144,0
tile,rock_tile_1,1056,2208,0
tile,grass_tile_2,1056,2272,0
tile,grass_tile_1,1056,2336,0
tile,grass_tile_1,1056,2848,0
tile,grass_tile_2,1056,2912,0
tile,grass_tile_2,1056,2976,0
tile,grass_tile_2,1056,3040,0
tile,grass_tile_1,1056,3104,0
tile,grass_tile_1,1120,32,0
tile,grass_tile_1,1120,96,0
tile,grass_tile_2,1120,160,0
tile,grass_tile_2,1120,224,0
tile,grass_tile_1,1120,288,0
tile,grass_tile_2,1120,352,0
tile,grass_tile_2,1120,416,0
tile,grass_tile_1,1120,480,0
tile,grass_tile_2,1120,544,0
tile,rock_tile_1,1120,608,0
tile,grass_tile_2,1120,672,0
tile,grass_tile_2,1120,736,0
tile,grass_tile_2,1120,800,0
tile,grass_tile_2,1120,864,0
tile,grass_tile_1,1120,928,0
tile,rock_tile_1,1120,992,0
tile,grass_tile_2,1120,1056,0
tile,grass_tile_1,1120,1120,0
tile,grass_tile_1,1120,1184,0
tile,grass_tile_1,1120,1248,0
tile,grass_tile_1,1120,1312,0
tile,grass_tile_2,1120,1376,0
tile,grass_tile_2,1120,1440,0
tile,grass_tile_2,1120,1504,0
tile,grass_tile_1,1120,1568,0
tile,grass_tile_2,1120,1632,0
tile,grass_tile_2,1120,1696,0
tile,rock_tile_1,1120,1760,0
tile,grass_tile_1,1120,1824,0
tile,grass_tile_2,1120,1888,0
tile,grass_tile_1,1120,2080,0
tile,grass_tile_2,1120,2144,0
tile,grass_tile_1,1120,2208,0
tile,grass_tile_2,1120,2272,0
tile,grass_tile_2,1120,2336,0
tile,grass_tile_2,1120,2848,0
tile,grass_tile_1,1120,2912,0
tile,grass_tile_1,1120,2976,0
tile,grass_tile_2,1120,3040,0
tile,grass_tile_2,1120,3104,0
tile,grass_tile_2,1120,3360,0
tile,grass_tile_1,1120,3424,0
tile,grass_tile_1,1184,32,0
tile,grass_tile_2,1184,96,0
tile,rock_tile_1,1184,160,0
tile,grass_tile_2,1184,224,0
tile,grass_tile_2,1184,288,0
tile,grass_tile_2,1184,352,0
tile,grass_tile_1,1184,416,0
tile,grass_tile_1,1184,480,0
tile,grass_tile_1,1184,544,0
tile,grass_tile_2,1184,608,0
tile,grass_tile_2,1184,672,0
tile,grass_tile_2,1184,736,0
tile,grass_tile_2,1184,800,0
tile,grass_tile_2,1184,864,0
tile,grass_tile_1,1184,928,0
tile,grass_tile_2,1184,992,0
tile,grass_tile_2,1184,1056,0
tile,grass_tile_1,1184,1120,0
tile,grass_tile_1,1184,1184,0
tile,grass_tile_2,1184,1248,0
tile,grass_tile_2,1184,1312,0
tile,grass_tile_2,1184,1376,0
tile,grass_tile_2,1184,1440,0
tile,grass_tile_1,1184,1504,0
tile,grass_tile_2,1184,1568,0
tile,grass_tile_1,1184,1632,0
tile,grass_tile_1,1184,1696,0
tile,grass_tile_1,1184,1760,0
tile,grass_tile_1,1184,1824,0
tile,grass_tile_1,1184,1888,0
tile,grass_tile_1,1184,2144,0
tile,grass_tile_1,1184,2208,0
tile,grass_tile_2,1184,2272,0
tile,grass_tile_1,1184,2336,0
tile,grass_tile_2,1184,2848,0
tile,grass_tile_2,1184,2912,0
tile,grass_tile_2,1184,2976,0
tile,grass_tile_1,1184,3040,0
tile,grass_tile_2,1184,3104,0
tile,grass_tile_2,1184,3360,0
tile,grass_tile_1,1184,3424,0
tile,grass_tile_1,1248,32,0
tile,grass_tile_2,1248,96,0
tile,grass_tile_2,1248,160,0
tile,grass_tile_1,1248,224,0
tile,grass_tile_1,1248,288,0
tile,grass_tile_1,1248,352,0
tile,grass_tile_1,1248,416,0
tile,grass_tile_1,1248,480,0
tile,grass_tile_1,1248,544,0
tile,grass_tile_2,1248,608,0
tile,grass_tile_2,1248,672,0
tile,rock_tile_1,1248,736,0
tile,grass_tile_2,1248,800,0
tile,grass_tile_2,1248,864,0
tile,grass_tile_2,1248,928,0
tile,grass_tile_1,1248,992,0
tile,grass_tile_2,1248,1056,0
tile,grass_tile_1,1248,1120,0
tile,grass_tile_1,1248,1184,0
tile,grass_tile_1,1248,1248,0
tile,grass_tile_2,1248,1312,0
tile,grass_tile_2,1248,1376,0
tile,grass_tile_1,1248,1440,0
tile,grass_tile_2,1248,1504,0
tile,grass_tile_2,1248,1568,0
tile,grass_tile_1,1248,1632,0
tile,grass_tile_1,1248,1696,0
tile,grass_tile_2,1248,1760,0
tile,grass_tile_2,1248,1824,0
tile,grass_tile_2,1248,1888,0
tile,grass_tile_1,1248,2144,0
tile,grass_tile_2,1248,2208,0
tile,grass_tile_1,1248,2272,0
tile,grass_tile_1,1248,2336,0
tile,grass_tile_2,1248,2400,0
tile,grass_tile_2,1248,2464,0
tile,grass_tile_1,1248,2528,0
tile,grass_tile_1,1248,2592,0
tile,grass_tile_2,1248,2848,0
tile,grass_tile_2,1248,2912,0
tile,grass_tile_2,1248,2976,0
tile,grass_tile_2,1248,3040,0
tile,grass_tile_1,1248,3104,0
tile,grass_tile_1,1248,3360,0
tile,grass_tile_1,1248,3424,0
tile,grass_tile_1,1248,3488,0
tile,rock_tile_1,1248,3552,0
tile,grass_tile_1,1248,3616,0
tile,grass_tile_1,1248,3680,0
tile,grass_tile_2,1248,3744,0
tile,grass_tile_1,1248,3808,0
tile,grass_tile_1,1248,3872,0
tile,grass_tile_1,1248,3936,0
tile,grass_tile_2,1248,4000,0
tile,grass_tile_1,1248,4064,0
tile,grass_tile_2,1312,32,0
tile,grass_tile_2,1312,96,0
tile,grass_tile_1,1312,160,0
tile,grass_tile_2,1312,224,0
tile,grass_tile_2,1312,288,0
tile,grass_tile_2,1312,352,0
tile,grass_tile_2,1312,416,0
tile,grass_tile_2,1312,480,0
tile,grass_tile_1,1312,544,0
tile,grass_tile_2,1312,608,0
tile,grass_tile_1,1312,672,0
tile,grass_tile_1,1312,736,0
tile,grass_tile_2,1312,800,0
tile,grass_tile_2,1312,864,0
tile,grass_tile_2,1312,928,0
tile,grass_tile_1,1312,992,0
tile,grass_tile_2,1312,1056,0
tile,grass_tile_2,1312,1120,0
tile,grass_tile_2,1312,1184,0
tile,grass_tile_1,1312,1248,0
tile,grass_tile_2,1312,1312,0
tile,grass_tile_1,1312,1376,0
tile,grass_tile_1,1312,1440,0
tile,grass_tile_2,1312,1504,0
tile,rock_tile_1,1312,1568,0
tile,grass_tile_1,1312,1632,0
tile,grass_tile_1,1312,1696,0
tile,grass_tile_2,1312,1760,0
tile,grass_tile_2,1312,1824,0
tile,grass_tile_2,1312,1888,0
tile,grass_tile_2,1312,2336,0
tile,grass_tile_1,1312,2400,0
tile,grass_tile_1,1312,2464,0
tile,grass_tile_1,1312,2528,0
tile,grass_tile_2,1312,2592,0
tile,grass_tile_2,1312,2848,0
tile,grass_tile_2,1312,2912,0
tile,grass_tile_1,1312,2976,0
tile,grass_tile_1,1312,3040,0
tile,grass_tile_1,1312,3104,0
tile,grass_tile_2,1312,3360,0
tile,grass_tile_1,1312,3424,0
tile,grass_tile_1,1312,3488,0
tile,grass_tile_2,1312,3552,0
tile,grass_tile_1,1312,3616,0
tile,grass_tile_2,1312,3680,0
tile,grass_tile_2,1312,3744,0
tile,grass_tile_2,1312,3808,0
tile,grass_tile_2,1312,3872,0
tile,grass_tile_1,1312,3936,0
tile,grass_tile_2,1312,4000,0
tile,grass_tile_1,1312,4064,0
tile,grass_tile_2,1376,32,0
tile,grass_tile_1,1376,96,0
tile,grass_tile_2,1376,160,0
tile,grass_tile_1,1376,224,0
tile,grass_tile_2,1376,288,0
tile,grass_tile_2,1376,352,0
tile,grass_tile_1,1376,416,0
tile,grass_tile_2,1376,480,0
tile,grass_tile_1,1376,544,0
tile,grass_tile_2,1376,608,0
tile,grass_tile_1,1376,672,0
tile,grass_tile_2,1376,736,0
tile,rock_tile_1,1376,800,0
tile,grass_tile_1,1376,864,0
tile,grass_tile_2,1376,928,0
tile,grass_tile_1,1376,992,0
tile,grass_tile_1,1376,1056,0
tile,grass_tile_1,1376,1120,0
tile,grass_tile_2,1376,1184,0
tile,grass_tile_1,1376,1248,0
tile,grass_tile_1,1376,1312,0
tile,grass_tile_2,1376,1376,0
tile,grass_tile_1,1376,1440,0
tile,grass_tile_1,1376,1504,0
tile,grass_tile_2,1376,1568,0
tile,grass_tile_2,1376,1632,0
tile,grass_tile_2,1376,1696,0
tile,grass_tile_1,1376,1760,0
tile,grass_tile_2,1376,1824,0
tile,grass_tile_2,1376,1888,0
tile,grass_tile_2,1376,2336,0
tile,grass_tile_1,1376,2400,0
tile,rock_tile_1,1376,2464,0
tile,grass_tile_1,1376,2528,0
tile,grass_tile_1,1376,2592,0
tile,grass_tile_1,1376,2848,0
tile,grass_tile_2,1376,2912,0
tile,grass_tile_2,1376,2976,0
tile,grass_tile_2,1376,3040,0
tile,grass_tile_1,1376,3104,0
tile,grass_tile_2,1376,3360,0
tile,grass_tile_2,1376,3424,0
tile,rock_tile_1,1376,3488,0
tile,grass_tile_2,1376,3552,0
tile,grass_tile_2,1376,3616,0
tile,grass_tile_2,1376,3680,0
tile,grass_tile_2,1376,3744,0
tile,grass_tile_1,1376,3808,0
tile,grass_tile_2,1376,3872,0
tile,grass_tile_1,1376,3936,0
tile,grass_tile_2,1376,4000,0
tile,grass_tile_1,1376,4064,0
tile,grass_tile_1,1440,32,0
tile,grass_tile_2,1440,96,0
tile,rock_tile_1,1440,160,0
tile,grass_tile_1,1440,224,0
tile,grass_tile_1,1440,288,0
tile,grass_tile_1,1440,352,0
tile,grass_tile_2,1440,416,0
tile,grass_tile_1,1440,480,0
tile,grass_tile_1,1440,544,0
tile,grass_tile_2,1440,608,0
tile,grass_tile_1,1440,672,0
tile,grass_tile_1,1440,736,0
tile,grass_tile_1,1440,800,0
tile,grass_tile_2,1440,864,0
tile,grass_tile_2,1440,928,0
tile,grass_tile_1,1440,992,0
tile,grass_tile_2,1440,1056,0
tile,grass_tile_1,1440,1120,0
tile,grass_tile_2,1440,1184,0
tile,grass_tile_1,1440,1248,0
tile,grass_tile_2,1440,1312,0
tile,grass_tile_2,1440,1376,0
tile,grass_tile_1,1440,1440,0
tile,grass_tile_1,1440,1504,0
tile,grass_tile_1,1440,1568,0
tile,grass_tile_1,1440,1632,0
tile,grass_tile_2,1440,1696,0
tile,grass_tile_2,1440,1760,0
tile,grass_tile_1,1440,1824,0
tile,grass_tile_2,1440,1888,0
tile,grass_tile_2,1440,1952,0
tile,grass_tile_1,1440,2016,0
tile,grass_tile_2,1440,2080,0
tile,grass_tile_2,1440,2336,0
tile,grass_tile_2,1440,2400,0
tile,grass_tile_1,1440,2464,0
tile,grass_tile_1,1440,2528,0
tile,grass_tile_1,1440,2592,0
tile,grass_tile_1,1440,2848,0
tile,grass_tile_2,1440,2912,0
tile,grass_tile_2,1440,2976,0
tile,grass_tile_2,1440,3040,0
tile,grass_tile_1,1440,3104,0
tile,grass_tile_1,1440,3360,0
tile,grass_tile_2,1440,3424,0
tile,grass_tile_2,1440,3488,0
tile,grass_tile_2,1440,3552,0
tile,grass_tile_2,1440,3616,0
tile,grass_tile_2,1440,3680,0
tile,grass_tile_1,1440,3744,0
tile,grass_tile_2,1440,3808,0
tile,grass_tile_1,1440,3872,0
tile,rock_tile_1,1440,3936,0
tile,grass_tile_2,1440,4000,0
tile,grass_tile_1,1440,4064,0
tile,grass_tile_2,1504,32,0
tile,rock_tile_1,1504,96,0
tile,grass_tile_2,1504,160,0
tile,grass_tile_1,1504,224,0
tile,grass_tile_2,1504,288,0
tile,grass_tile_1,1504,352,0
tile,grass_tile_2,1504,416,0
tile,grass_tile_1,1504,480,0
tile,grass_tile_1,1504,544,0
tile,grass_tile_2,1504,608,0
tile,grass_tile_2,1504,672,0
tile,rock_tile_1,1504,736,0
tile,grass_tile_1,1504,800,0
tile,grass_tile_2,1504,864,0
tile,grass_tile_2,1504,928,0
tile,grass_tile_2,1504,992,0
tile,grass_tile_2,1504,1056,0
tile,grass_tile_1,1504,1120,0
tile,grass_tile_2,1504,1184,0
tile,grass_tile_2,1504,1248,0
tile,grass_tile_1,1504,1312,0
tile,rock_tile_1,1504,1376,0
tile,grass_tile_2,1504,1440,0
tile,grass_tile_1,1504,1504,0
tile,grass_tile_1,1504,1568,0
tile,grass_tile_1,1504,1632,0
tile,grass_tile_2,1504,1696,0
tile,grass_tile_1,1504,1760,0
tile,grass_tile_1,1504,1824,0
tile,grass_tile_2,1504,1888,0
tile,grass_tile_2,1504,1952,0
tile,rock_tile_1,1504,2016,0
tile,grass_tile_2,1504,2080,0
tile,grass_tile_2,1504,2336,0
tile,grass_tile_1,1504,2400,0
tile,grass_tile_1,1504,2464,0
tile,grass_tile_1,1504,2528,0
tile,grass_tile_2,1504,2592,0
tile,grass_tile_1,1504,3360,0
tile,grass_tile_1,1504,3424,0
tile,rock_tile_1,1504,3488,0
tile,grass_tile_1,1504,3552,0
tile,grass_tile_2,1504,3616,0
tile,grass_tile_2,1504,3680,0
tile,grass_tile_2,1504,3744,0
tile,grass_tile_1,1504,3808,0
tile,grass_tile_2,1504,3872,0
tile,grass_tile_1,1504,3936,0
tile,grass_tile_1,1504,4000,0
tile,grass_tile_2,1504,4064,0
tile,grass_tile_2,1568,32,0
tile,grass_tile_2,1568,96,0
tile,grass_tile_2,1568,160,0
tile,grass_tile_1,1568,224,0
tile,grass_tile_2,1568,288,0
tile,grass_tile_1,1568,352,0
tile,grass_tile_2,1568,416,0
tile,grass_tile_2,1568,480,0
tile,grass_tile_1,1568,544,0
tile,rock_tile_1,1568,608,0
tile,grass_tile_2,1568,672,0
tile,grass_tile_1,1568,736,0
tile,grass_tile_1,1568,800,0
tile,grass_tile_1,1568,864,0
tile,grass_tile_2,1568,928,0
tile,grass_tile_2,1568,992,0
tile,grass_tile_2,1568,1056,0
tile,grass_tile_1,1568,1120,0
tile,grass_tile_1,1568,1184,0
tile,grass_tile_2,1568,1248,0
tile,grass_tile_2,1568,1312,0
tile,rock_tile_1,1568,1376,0
tile,grass_tile_1,1568,1440,0
tile,grass_tile_2,1568,1504,0
tile,grass_tile_1,1568,1568,0
tile,grass_tile_2,1568,1632,0
tile,grass_tile_1,1568,1696,0
tile,grass_tile_2,1568,1760,0
tile,grass_tile_1,1568,1824,0
tile,grass_tile_2,1568,1888,0
tile,grass_tile_2,1568,1952,0
tile,grass_tile_2,1568,2016,0
tile,grass_tile_2,1568,2080,0
tile,grass_tile_1,1568,2336,0
tile,grass_tile_1,1568,2592,0
tile,grass_tile_2,1568,3360,0
tile,grass_tile_1,1568,3424,0
tile,grass_tile_1,1568,3488,0
tile,grass_tile_2,1568,3552,0
tile,grass_tile_2,1568,3616,0
tile,grass_tile_1,1568,3680,0
tile,grass_tile_1,1568,3744,0
tile,grass_tile_2,1568,3808,0
tile,grass_tile_2,1568,3872,0
tile,grass_tile_1,1568,3936,0
tile,grass_tile_1,1568,4000,0
tile,grass_tile_2,1568,4064,0
tile,grass_tile_1,1632,32,0
tile,grass_tile_2,1632,96,0
tile,grass_tile_1,1632,160,0
tile,grass_tile_2,1632,224,0
tile,grass_tile_1,1632,288,0
tile,grass_tile_1,1632,352,0
tile,grass_tile_2,1632,416,0
tile,grass_tile_2,1632,480,0
tile,rock_tile_1,1632,544,0
tile,grass_tile_2,1632,608,0
tile,grass_tile_1,1632,672,0
tile,grass_tile_1,1632,736,0
tile,grass_tile_2,1632,800,0
tile,grass_tile_1,1632,864,0
tile,grass_tile_2,1632,928,0
tile,grass_tile_2,1632,992,0
tile,grass_tile_2,1632,1056,0
tile,grass_tile_2,1632,1120,0
tile,grass_tile_2,1632,1184,0
tile,grass_tile_2,1632,1248,0
tile,rock_tile_1,1632,1312,0
tile,grass_tile_2,1632,1376,0
tile,grass_tile_2,1632,1440,0
tile,grass_tile_1,1632,1504,0
tile,grass_tile_2,1632,1568,0
tile,grass_tile_2,1632,1632,0
tile,grass_tile_1,1632,1696,0
tile,grass_tile_2,1632,1760,0
tile,grass_tile_1,1632,1824,0
tile,grass_tile_1,1632,1888,0
tile,rock_tile_1,1632,1952,0
tile,grass_tile_2,1632,2016,0
tile,grass_tile_2,1632,2080,0
tile,grass_tile_2,1632,2592,0
tile,grass_tile_2,1632,3360,0
tile,grass_tile_1,1632,3424,0
tile,grass_tile_1,1632,3488,0
tile,grass_tile_1,1632,3552,0
tile,grass_tile_2,1632,3616,0
tile,grass_tile_2,1632,3680,0
tile,grass_tile_1,1632,3744,0
tile,grass_tile_1,1632,3808,0
tile,grass_tile_2,1632,3872,0
tile,grass_tile_1,1632,3936,0
tile,grass_tile_1,1632,4000,0
tile,grass_tile_2,1632,4064,0
tile,grass_tile_2,1696,32,0
tile,grass_tile_2,1696,96,0
tile,grass_tile_2,1696,160,0
tile,grass_tile_1,1696,224,0
tile,rock_tile_1,1696,288,0
tile,grass_tile_2,1696,352,0
tile,grass_tile_1,1696,416,0
tile,grass_tile_2,1696,480,0
tile,grass_tile_2,1696,544,0
tile,grass_tile_1,1696,608,0
tile,grass_tile_1,1696,672,0
tile,grass_tile_1,1696,736,0
tile,grass_tile_1,1696,800,0
tile,grass_tile_2,1696,864,0
tile,grass_tile_2,1696,928,0
tile,grass_tile_1,1696,992,0
tile,grass_tile_2,1696,1056,0
tile,grass_tile_2,1696,1120,0
tile,grass_tile_2,1696,1184,0
tile,grass_tile_1,1696,1248,0
tile,grass_tile_1,1696,1312,0
tile,grass_tile_2,1696,1376,0
tile,grass_tile_2,1696,1440,0
tile,grass_tile_2,1696,1504,0
tile,grass_tile_2,1696,1568,0
tile,grass_tile_2,1696,1632,0
tile,grass_tile_1,1696,1696,0
tile,grass_tile_2,1696,1760,0
tile,grass_tile_2,1696,1824,0
tile,grass_tile_1,1696,1888,0
tile,grass_tile_1,1696,1952,0
tile,grass_tile_2,1696,2016,0
tile,grass_tile_1,1696,2080,0
tile,grass_tile_2,1696,2592,0
tile,grass_tile_2,1696,2656,0
tile,grass_tile_1,1696,2720,0
tile,grass_tile_2,1696,2784,0
tile,grass_tile_2,1696,2848,0
tile,grass_tile_1,1696,2912,0
tile,grass_tile_2,1696,2976,0
tile,grass_tile_2,1696,3040,0
tile,grass_tile_1,1696,3104,0
tile,grass_tile_2,1696,3168,0
tile,grass_tile_2,1696,3232,0
tile,grass_tile_1,1696,3296,0
tile,grass_tile_2,1696,3360,0
tile,grass_tile_1,1696,3424,0
tile,grass_tile_1,1696,3488,0
tile,rock_tile_1,1696,3552,0
tile,grass_tile_2,1696,3616,0
tile,grass_tile_2,1696,3680,0
tile,grass_tile_2,1696,3744,0
tile,grass_tile_1,1696,3808,0
tile,grass_tile_2,1696,3872,0
tile,grass_tile_2,1696,3936,0
tile,grass_tile_2,1696,4000,0
tile,grass_tile_2,1696,4064,0
tile,grass_tile_1,1760,32,0
tile,grass_tile_1,1760,96,0
tile,grass_tile_2,1760,160,0
tile,grass_tile_2,1760,224,0
tile,grass_tile_2,1760,288,0
tile,grass_tile_2,1760,352,0
tile,grass_tile_2,1760,416,0
tile,grass_tile_1,1760,480,0
tile,grass_tile_2,1760,544,0
tile,grass_tile_1,1760,608,0
tile,grass_tile_1,1760,672,0
tile,grass_tile_2,1760,736,0
tile,grass_tile_1,1760,800,0
tile,grass_tile_2,1760,864,0
tile,grass_tile_2,1760,928,0
tile,grass_tile_2,1760,992,0
tile,grass_tile_1,1760,1056,0
tile,grass_tile_2,1760,1120,0
tile,rock_tile_1,1760,1184,0
tile,grass_tile_1,1760,1248,0
tile,grass_tile_1,1760,1312,0
tile,grass_tile_2,1760,1376,0
tile,grass_tile_1,1760,1440,0
tile,grass_tile_1,1760,1504,0
tile,grass_tile_1,1760,1568,0
tile,grass_tile_2,1760,1632,0
tile,grass_tile_2,1760,1696,0
tile,grass_tile_2,1760,1760,0
tile,grass_tile_2,1760,1824,0
tile,grass_tile_1,1760,1888,0
tile,grass_tile_2,1760,1952,0
tile,grass_tile_1,1760,2016,0
tile,grass_tile_1,1760,2080,0
tile,grass_tile_1,1760,2592,0
tile,grass_tile_2,1760,2656,0
tile,grass_tile_1,1760,2720,0
tile,grass_tile_2,1760,2784,0
tile,grass_tile_2,1760,2848,0
tile,grass_tile_2,1760,2912,0
tile,grass_tile_2,1760,2976,0
tile,grass_tile_1,1760,3040,0
tile,grass_tile_1,1760,3104,0
tile,grass_tile_2,1760,3168,0
tile,grass_tile_2,1760,3232,0
tile,grass_tile_1,1760,3296,0
tile,grass_tile_1,1760,3360,0
tile,grass_tile_2,1760,3424,0
tile,grass_tile_2,1760,3488,0
tile,grass_tile_1,1760,3552,0
tile,grass_tile_2,1760,3616,0
tile,grass_tile_1,1760,3680,0
tile,grass_tile_1,1760,3744,0
tile,grass_tile_2,1760,3808,0
tile,grass_tile_1,1760,3872,0
tile,grass_tile_1,1760,3936,0
tile,grass_tile_2,1760,4000,0
tile,grass_tile_1,1760,4064,0
tile,grass_tile_2,1824,32,0
tile,grass_tile_2,1824,96,0
tile,grass_tile_2,1824,160,0
tile,grass_tile_1,1824,224,0
tile,grass_tile_1,1824,288,0
tile,grass_tile_1,1824,352,0
tile,grass_tile_1,1824,416,0
tile,grass_tile_2,1824,480,0
tile,grass_tile_2,1824,544,0
tile,grass_tile_1,1824,608,0
tile,grass_tile_2,1824,672,0
tile,grass_tile_2,1824,736,0
tile,grass_tile_2,1824,800,0
tile,grass_tile_1,1824,864,0
tile,grass_tile_2,1824,928,0
tile,grass_tile_1,1824,992,0
tile,grass_tile_1,1824,1056,0
tile,grass_tile_1,1824,1120,0
tile,grass_tile_2,1824,1184,0
tile,grass_tile_2,1824,1248,0
tile,grass_tile_1,1824,1312,0
tile,grass_tile_2,1824,1376,0
tile,grass_tile_2,1824,1440,0
tile,grass_tile_2,1824,1504,0
tile,grass_tile_2,1824,1568,0
tile,grass_tile_2,1824,1632,0
tile,grass_tile_1,1824,1696,0
tile,rock_tile_1,1824,1760,0
tile,grass_tile_2,1824,1824,0
tile,grass_tile_2,1824,1888,0
tile,grass_tile_1,1824,1952,0
tile,rock_tile_1,1824,2016,0
tile,grass_tile_2,1824,2080,0
tile,grass_tile_1,1824,2144,0
tile,grass_tile_2,1824,2208,0
tile,grass_tile_2,1824,2272,0
tile,grass_tile_1,1824,2336,0
tile,grass_tile_2,1824,2592,0
tile,grass_tile_1,1824,2656,0
tile,grass_tile_1,1824,2720,0
tile,grass_tile_2,1824,2784,0
tile,grass_tile_2,1824,2848,0
tile,grass_tile_2,1824,2912,0
tile,grass_tile_2,1824,2976,0
tile,grass_tile_1,1824,3040,0
tile,grass_tile_1,1824,3104,0
tile,grass_tile_2,1824,3168,0
tile,grass_tile_1,1824,3232,0
tile,grass_tile_2,1824,3296,0
tile,rock_tile_1,1824,3360,0
tile,grass_tile_2,1824,3424,0
tile,grass_tile_2,1824,3488,0
tile,grass_tile_1,1824,3552,0
tile,grass_tile_1,1824,3616,0
tile,grass_tile_2,1824,3680,0
tile,grass_tile_1,1824,3744,0
tile,grass_tile_1,1824,3808,0
tile,grass_tile_2,1824,3872,0
tile,grass_tile_2,1824,3936,0
tile,grass_tile_2,1824,4000,0
tile,grass_tile_2,1824,4064,0
tile,grass_tile_1,1888,32,0
tile,grass_tile_2,1888,96,0
tile,grass_tile_2,1888,160,0
tile,grass_tile_1,1888,224,0
tile,grass_tile_1,1888,288,0
tile,grass_tile_1,1888,352,0
tile,grass_tile_2,1888,416,0
tile,grass_tile_2,1888,480,0
tile,grass_tile_1,1888,544,0
tile,grass_tile_2,1888,608,0
tile,grass_tile_2,1888,672,0
tile,grass_tile_2,1888,736,0
tile,grass_tile_1,1888,800,0
tile,grass_tile_2,1888,864,0
tile,grass_tile_1,1888,928,0
tile,grass_tile_2,1888,992,0
tile,grass_tile_2,1888,1056,0
tile,grass_tile_1,1888,1120,0
tile,grass_tile_1,1888,1184,0
tile,grass_tile_2,1888,1248,0
tile,grass_tile_1,1888,1312,0
tile,grass_tile_2,1888,1376,0
tile,grass_tile_2,1888,1440,0
tile,grass_tile_1,1888,1504,0
tile,grass_tile_1,1888,1568,0
tile,grass_tile_1,1888,1632,0
tile,rock_tile_1,1888,1696,0
tile,grass_tile_1,1888,1760,0
tile,grass_tile_2,1888,1824,0
tile,grass_tile_2,1888,1888,0
tile,grass_tile_1,1888,1952,0
tile,rock_tile_1,1888,2016,0
tile,grass_tile_2,1888,2080,0
tile,grass_tile_1,1888,2144,0
tile,grass_tile_2,1888,2208,0
tile,grass_tile_1,1888,2272,0
tile,grass_tile_1,1888,2336,0
tile,grass_tile_1,1888,2400,0
tile,grass_tile_2,1888,2464,0
tile,grass_tile_1,1888,2528,0
tile,grass_tile_2,1888,2592,0
tile,grass_tile_1,1888,2656,0
tile,grass_tile_2,1888,2720,0
tile,grass_tile_2,1888,2784,0
tile,grass_tile_2,1888,2848,0
tile,grass_tile_2,1888,2912,0
tile,grass_tile_2,1888,2976,0
tile,grass_tile_2,1888,3040,0
tile,grass_tile_1,1888,3104,0
tile,grass_tile_2,1888,3168,0
tile,grass_tile_1,1888,3232,0
tile,grass_tile_1,1888,3296,0
tile,grass_tile_2,1888,3360,0
tile,grass_tile_2,1888,3424,0
tile,grass_tile_2,1888,3488,0
tile,grass_tile_2,1888,3552,0
tile,rock_tile_1,1888,3616,0
tile,grass_tile_2,1888,3680,0
tile,grass_tile_1,1888,3744,0
tile,rock_tile_1,1888,3808,0
tile,grass_tile_1,1888,3872,0
tile,grass_tile_1,1888,3936,0
tile,grass_tile_1,1888,4000,0
tile,grass_tile_1,1888,4064,0
tile,rock_tile_1,1952,32,0
tile,grass_tile_2,1952,96,0
tile,grass_tile_2,1952,160,0
tile,grass_tile_1,1952,224,0
tile,grass_tile_2,1952,288,0
tile,grass_tile_2,1952,352,0
tile,grass_tile_2,1952,416,0
tile,grass_tile_1,1952,480,0
tile,grass_tile_2,1952,544,0
tile,grass_tile_2,1952,608,0
tile,grass_tile_1,1952,672,0
tile,grass_tile_2,1952,736,0
tile,grass_tile_2,1952,800,0
tile,grass_tile_2,1952,864,0
tile,grass_tile_1,1952,928,0
tile,grass_tile_1,1952,992,0
tile,grass_tile_2,1952,1056,0
tile,grass_tile_1,1952,1120,0
tile,grass_tile_2,1952,1184,0
tile,grass_tile_2,1952,1248,0
tile,grass_tile_2,1952,1312,0
tile,grass_tile_1,1952,1376,0
tile,grass_tile_1,1952,1440,0
tile,grass_tile_1,1952,1504,0
tile,grass_tile_1,1952,1568,0
tile,grass_tile_2,1952,1632,0
tile,grass_tile_1,1952,1696,0
tile,grass_tile_2,1952,1760,0
tile,grass_tile_2,1952,1824,0
tile,grass_tile_1,1952,1888,0
tile,grass_tile_1,1952,1952,0
tile,grass_tile_2,1952,2016,0
tile,grass_tile_2,1952,2080,0
tile,grass_tile_1,1952,2144,0
tile,grass_tile_2,1952,2208,0
tile,grass_tile_1,1952,2272,0
tile,grass_tile_1,1952,2336,0
tile,grass_tile_2,1952,2400,0
tile,grass_tile_2,1952,2464,0
tile,grass_tile_2,1952,2528,0
tile,grass_tile_2,1952,2592,0
tile,grass_tile_2,1952,2656,0
tile,grass_tile_1,1952,2720,0
tile,grass_tile_2,1952,2784,0
tile,grass_tile_2,1952,2848,0
tile,grass_tile_1,1952,2912,0
tile,grass_tile_2,1952,2976,0
tile,grass_tile_2,1952,3040,0
tile,grass_tile_2,1952,3104,0
tile,grass_tile_1,1952,3168,0
tile,grass_tile_2,1952,3232,0
tile,grass_tile_2,1952,3296,0
tile,grass_tile_2,1952,3360,0
tile,grass_tile_1,1952,3424,0
tile,grass_tile_1,1952,3488,0
tile,grass_tile_2,1952,3552,0
tile,grass_tile_2,1952,3616,0
tile,rock_tile_1,1952,3680,0
tile,grass_tile_2,1952,3744,0
tile,grass_tile_2,1952,3808,0
tile,grass_tile_1,1952,3872,0
tile,grass_tile_1,1952,3936,0
tile,rock_tile_1,1952,4000,0
tile,grass_tile_2,1952,4064,0
tile,grass_tile_2,2016,32,0
tile,grass_tile_2,2016,96,0
tile,grass_tile_1,2016,160,0
tile,grass_tile_2,2016,224,0
tile,grass_tile_2,2016,288,0
tile,grass_tile_2,2016,352,0
tile,grass_tile_2,2016,416,0
tile,grass_tile_1,2016,480,0
tile,grass_tile_2,2016,544,0
tile,grass_tile_1,2016,608,0
tile,grass_tile_1,2016,672,0
tile,grass_tile_1,2016,736,0
tile,grass_tile_1,2016,800,0
tile,grass_tile_2,2016,864,0
tile,grass_tile_2,2016,928,0
tile,rock_tile_1,2016,992,0
tile,grass_tile_1,2016,1056,0
tile,grass_tile_2,2016,1120,0
tile,grass_tile_1,2016,1184,0
tile,rock_tile_1,2016,1248,0
tile,grass_tile_2,2016,1312,0
tile,grass_tile_1,2016,1376,0
tile,grass_tile_2,2016,1440,0
tile,grass_tile_1,2016,1504,0
tile,grass_tile_2,2016,1568,0
tile,grass_tile_2,2016,1632,0
tile,grass_tile_1,2016,1696,0
tile,grass_tile_2,2016,1760,0
tile,grass_tile_2,2016,1824,0
tile,grass_tile_2,2016,1888,0
tile,rock_tile_1,2016,1952,0
tile,grass_tile_2,2016,2016,0
tile,grass_tile_2,2016,2080,0
tile,grass_tile_1,2016,2144,0
tile,grass_tile_2,2016,2208,0
tile,grass_tile_1,2016,2272,0
tile,grass_tile_2,2016,2336,0
tile,grass_tile_1,2016,2400,0
tile,grass_tile_1,2016,2464,0
tile,grass_tile_1,2016,2528,0
tile,grass_tile_2,2016,2592,0
tile,grass_tile_2,2016,2656,0
tile,grass_tile_2,2016,2720,0
tile,grass_tile_1,2016,2784,0
tile,grass_tile_2,2016,2848,0
tile,grass_tile_2,2016,2912,0
tile,grass_tile_2,2016,2976,0
tile,grass_tile_1,2016,3040,0
tile,grass_tile_1,2016,3104,0
tile,grass_tile_2,2016,3168,0
tile,grass_tile_2,2016,3232,0
tile,grass_tile_1,2016,3296,0
tile,grass_tile_2,2016,3360,0
tile,grass_tile_2,2016,3424,0
tile,grass_tile_2,2016,3488,0
tile,grass_tile_2,2016,3552,0
tile,grass_tile_2,2016,3616,0
tile,grass_tile_1,2016,3680,0
tile,grass_tile_2,2016,3744,0
tile,grass_tile_1,2016,3808,0
tile,grass_tile_2,2016,3872,0
tile,grass_tile_2,2016,3936,0
tile,grass_tile_1,2016,4000,0
tile,grass_tile_2,2016,4064,0
tile,tile_floor_1,992,3872,0
tile,tile_floor_1,1056,3872,0
tile,tile_floor_1,1056,3808,0
tile,tile_floor_1,1120,3808,0
tile,tile_floor_1,1120,3872,0
tile,tile_floor_1,1056,3936,0
tile,tile_floor_1,992,3808,0
tile,tile_floor_1,928,3808,0
tile,tile_floor_1,928,3936,0
tile,tile_floor_1,928,3872,0
tile,tile_floor_1,864,3936,0
tile,tile_floor_1,864,3872,0
tile,tile_floor_1,864,3808,0
tile,tile_left_wall_1,800,3936,0
tile,tile_left_wall_1,800,3872,0
tile,tile_left_wall_1,800,3808,0
tile,tile_right_wall_1,1184,3936,0
tile,tile_right_wall_1,1184,3872,0
tile,tile_right_wall_1,1184,3808,0
tile,tile_right_wall_1,1184,3744,0
tile,tile_right_wall_1,1184,3680,0
tile,tile_left_wall_1,800,3744,0
tile,tile_left_wall_1,800,3680,0
tile,tile_left_wall_1,800,3616,0
tile,tile_left_wall_1,800,3552,0
tile,tile_tl_corner_1,800,3488,0
tile,tile_tr_corner_1,1184,3488,0
tile,tile_top_door_1,992,3488,0
tile,tile_right_wall_1,1184,3552,0
tile,tile_right_wall_1,1184,3616,0
tile,tile_floor_1,864,3552,0
tile,tile_floor_1,928,3552,0
tile,tile_floor_1,992,3552,0
tile,tile_floor_1,1056,3552,0
tile,tile_floor_1,1120,3552,0
tile,tile_floor_1,1120,3616,0
tile,tile_floor_1,992,3616,0
tile,tile_floor_1,928,3616,0
tile,tile_floor_1,864,3616,0
tile,tile_floor_1,864,3680,0
tile,tile_floor_1,864,3744,0
tile,tile_floor_1,928,3744,0
tile,tile_floor_1,928,3680,0
tile,tile_floor_1,992,3680,0
tile,tile_floor_1,1056,3744,0
tile,tile_floor_1,1056,3616,0
tile,tile_floor_1,1056,3680,0
tile,tile_floor_1,1120,3680,0
tile,tile_floor_1,1120,3744,0
tile,tile_bl_corner_1,800,4064,0
tile,tile_br_corner_1,1184,4064,0
tile,tile_floor_1,864,4000,0
tile,tile_floor_1,928,4000,0
tile,tile_floor_1,992,4000,0
tile,tile_floor_1,1056,4000,0
tile,tile_floor_1,1120,4000,0
tile,tile_right_wall_1,1184,4000,0
tile,tile_left_wall_1,800,4000,0
tile,tile_left_wall_1,928,3424,0
tile,tile_right_wall_1,1056,3424,0
tile,tile_floor_1,992,3424,0
tile,tile_floor_1,992,3360,0
tile,tile_floor_1,992,3296,0
tile,tile_floor_1,992,3232,0
tile,tile_floor_1,1056,3232,0
tile,tile_floor_1,1120,3232,0
tile,tile_left_wall_1,928,3360,0
tile,tile_left_wall_1,928,3296,0
tile,tile_left_wall_1,928,3232,0
tile,tile_tl_corner_1,928,3168,0
tile,tile_right_wall_1,1056,3360,0
tile,tile_floor_1,1248,3232,0
tile,tile_floor_1,1312,3232,0
tile,tile_floor_1,1376,3232,0
tile,tile_floor_1,1440,3232,0
tile,tile_floor_1,1504,3232,0
tile,tile_floor_1,1568,3232,0
tile,tile_br_corner_1,1632,3296,0
tile,tile_right_wall_1,1632,3232,0
tile,tile_right_wall_1,1632,3168,0
tile,tile_left_wall_1,1504,3104,0
tile,tile_floor_1,1568,3168,0
tile,tile_floor_1,1568,3104,0
tile,tile_right_wall_1,1632,3104,0
tile,tile_right_wall_1,1632,3040,0
tile,tile_left_wall_1,1504,3040,0
tile,tile_floor_1,1568,3040,0
tile,tile_left_wall_1,1504,2976,0
tile,tile_left_wall_1,1504,2912,0
tile,tile_right_wall_1,1632,2976,0
tile,tile_right_wall_1,1632,2912,0
tile,tile_floor_1,1568,2976,0
tile,tile_floor_1,1568,2912,0
tile,tile_right_wall_1,1632,2848,0
tile,tile_left_wall_1,1504,2848,0
tile,tile_floor_1,1568,2848,0
tile,tile_tr_corner_1,1632,2656,0
tile,tile_right_wall_1,1632,2784,0
tile,tile_right_wall_1,1632,2720,0
tile,tile_top_door_1,992,2656,0
tile,tile_floor_1,992,2720,0
tile,tile_floor_1,1056,2720,0
tile,tile_floor_1,1120,2720,0
tile,tile_floor_1,1184,2720,0
tile,tile_floor_1,1248,2720,0
tile,tile_floor_1,1312,2720,0
tile,tile_floor_1,1376,2720,0
tile,tile_floor_1,1440,2720,0
tile,tile_floor_1,1504,2720,0
tile,tile_floor_1,1568,2720,0
tile,tile_floor_1,1568,2784,0
tile,tile_bl_corner_1,928,2784,0
tile,tile_left_wall_1,928,2720,0
tile,tile_tl_corner_1,928,2656,0
tile,tile_floor_1,992,2592,0
tile,tile_floor_1,1056,2592,0
tile,tile_floor_1,1120,2592,0
tile,tile_floor_1,928,2592,0
tile,tile_floor_1,800,2592,0
tile,tile_floor_1,736,2592,0
tile,tile_bl_corner_1,672,2720,0
tile,tile_left_wall_1,672,2656,0
tile,tile_left_wall_1,672,2592,0
tile,tile_left_wall_1,672,2464,0
tile,tile_tl_corner_1,672,2400,0
tile,tile_right_wall_1,1184,2464,0
tile,tile_right_wall_1,1184,2528,0
tile,tile_tr_corner_1,1184,2400,0
tile,tile_right_wall_1,1184,2592,0
tile,tile_floor_1,1120,2528,0
tile,tile_floor_1,992,2528,0
tile,tile_floor_1,864,2528,0
tile,tile_floor_1,800,2528,0
tile,tile_floor_1,736,2528,0
tile,tile_floor_1,736,2464,0
tile,tile_floor_1,800,2464,0
tile,tile_floor_1,864,2464,0
tile,tile_floor_1,928,2464,0
tile,tile_floor_1,992,2464,0
tile,tile_floor_1,1056,2464,0
tile,tile_floor_1,1120,2464,0
tile,tile_floor_1,864,2656,0
tile,tile_floor_1,800,2656,0
tile,tile_floor_1,736,2656,0
tile,tile_left_door_1,672,2528,0
tile,tile_bottom_wall_1,864,4064,0
tile,tile_bottom_wall_1,928,4064,0
tile,tile_bottom_wall_1,992,4064,0
tile,tile_bottom_wall_1,1056,4064,0
tile,tile_bottom_wall_1,1120,4064,0
tile,tile_top_wall_1,864,3488,0
tile,tile_top_wall_1,1120,3488,0
tile,tile_top_wall_1,1056,3488,0
tile,tile_top_wall_1,928,3488,0
tile,tile_top_wall_1,992,3168,0
tile,tile_top_wall_1,1120,3168,0
tile,tile_top_wall_1,1056,3168,0
tile,tile_top_wall_1,1248,3168,0
tile,tile_top_wall_1,1184,3168,0
tile,tile_top_wall_1,1312,3168,0
tile,tile_top_wall_1,1376,3168,0
tile,tile_top_wall_1,1440,3168,0
tile,tile_bottom_wall_1,1120,3296,0
tile,tile_bottom_wall_1,1184,3296,0
tile,tile_bottom_wall_1,1248,3296,0
tile,tile_bottom_wall_1,1312,3296,0
tile,tile_bottom_wall_1,1376,3296,0
tile,tile_bottom_wall_1,1504,3296,0
tile,tile_bottom_wall_1,1440,3296,0
tile,tile_bottom_wall_1,1568,3296,0
tile,tile_bottom_wall_1,1440,2784,0
tile,tile_bottom_wall_1,1376,2784,0
tile,tile_bottom_wall_1,1312,2784,0
tile,tile_bottom_wall_1,1248,2784,0
tile,tile_bottom_wall_1,1120,2784,0
tile,tile_bottom_wall_1,1056,2784,0
tile,tile_bottom_wall_1,992,2784,0
tile,tile_bottom_wall_1,1184,2784,0
tile,tile_top_wall_1,1056,2656,0
tile,tile_top_wall_1,1184,2656,0
tile,tile_top_wall_1,1120,2656,0
tile,tile_top_wall_1,1248,2656,0
tile,tile_top_wall_1,1312,2656,0
tile,tile_top_wall_1,1376,2656,0
tile,tile_top_wall_1,1440,2656,0
tile,tile_top_wall_1,1504,2656,0
tile,tile_top_wall_1,1568,2656,0
tile,tile_top_wall_1,736,2400,0
tile,tile_top_wall_1,800,2400,0
tile,tile_top_wall_1,864,2400,0
tile,tile_top_wall_1,928,2400,0
tile,tile_top_wall_1,992,2400,0
tile,tile_top_wall_1,1056,2400,0
tile,tile_top_wall_1,1120,2400,0
tile,tile_bottom_wall_1,736,2720,0
tile,tile_bottom_wall_1,800,2720,0
tile,tile_bottom_wall_1,864,2720,0
tile,tile_floor_1,864,2592,0
tile,tile_br_point_1,1056,3296,0
tile,tile_tl_point_1,1504,3168,0
tile,tile_bl_point_1,1504,2784,0
tile,tile_pillar_1,928,2528,0
tile,tile_pillar_1,1056,2528,0
tile,tile_pillar_1,992,3936,0
tile,tile_pillar_1,992,3744,0
tile,tile_floor_1,1184,3232,0
tile,tile_bl_corner_1,544,2592,0
tile,tile_bottom_wall_1,608,2592,0
tile,tile_left_wall_1,544,2528,0
tile,tile_left_wall_1,544,2464,0
tile,tile_left_wall_1,544,2400,0
tile,tile_floor_1,608,2528,0
tile,tile_floor_1,608,2464,0
tile,tile_floor_1,608,2400,0
tile,tile_floor_1,608,2336,0
tile,tile_floor_1,608,2272,0
tile,tile_left_wall_1,544,2336,0
tile,tile_left_wall_1,544,2272,0
tile,tile_right_wall_1,672,2336,0
tile,tile_right_wall_1,672,2272,0
tile,tile_right_wall_1,672,2208,0
tile,tile_right_wall_1,672,2144,0
tile,tile_left_wall_1,544,2208,0
tile,tile_left_wall_1,544,2144,0
tile,tile_left_wall_1,544,2080,0
tile,tile_bl_point_1,544,2016,0
tile,tile_br_point_1,672,2016,0
tile,tile_right_wall_1,672,2080,0
tile,tile_bottom_wall_1,480,2016,0
tile,tile_bottom_wall_1,736,2016,0
tile,tile_floor_1,608,2208,0
tile,tile_floor_1,608,2144,0
tile,tile_floor_1,608,2080,0
tile,tile_floor_1,608,2016,0
tile,tile_bottom_wall_1,416,2016,0
tile,tile_bottom_wall_1,800,2016,0
tile,tile_bl_corner_1,352,2016,0
tile,tile_left_wall_1,352,1952,0
tile,tile_tl_corner_1,352,1888,0
tile,tile_top_wall_1,416,1888,0
tile,tile_tl_point_1,480,1888,0
tile,tile_bl_point_1,480,1824,0
tile,tile_bottom_wall_1,416,1824,0
tile,tile_bl_corner_1,352,1824,0
tile,tile_left_wall_1,352,1760,0
tile,tile_left_wall_1,352,1696,0
tile,tile_tl_corner_1,352,1632,0
tile,tile_top_wall_1,416,1632,0
tile,tile_top_wall_1,480,1632,0
tile,tile_top_wall_1,544,1632,0
tile,tile_top_wall_1,608,1632,0
tile,tile_top_wall_1,672,1632,0
tile,tile_tr_corner_1,736,1632,0
tile,tile_right_wall_1,736,1696,0
tile,tile_right_wall_1,736,1760,0
tile,tile_pillar_1,480,1696,0
tile,tile_pillar_1,608,1696,0
tile,tile_floor_1,416,1696,0
tile,tile_floor_1,416,1760,0
tile,tile_floor_1,480,1760,0
tile,tile_floor_1,544,1696,0
tile,tile_floor_1,544,1760,0
tile,tile_floor_1,608,1760,0
tile,tile_floor_1,672,1696,0
tile,tile_floor_1,672,1760,0
tile,tile_floor_1,544,1824,0
tile,tile_floor_1,544,1888,0
tile,tile_floor_1,608,1888,0
tile,tile_floor_1,608,1824,0
tile,tile_br_corner_1,736,1824,0
tile,tile_br_point_1,672,1824,0
tile,tile_right_wall_1,672,1888,0
tile,tile_tr_point_1,672,1952,0
tile,tile_top_wall_1,736,1952,0
tile,tile_top_wall_1,800,1952,0
tile,tile_top_wall_1,864,1952,0
tile,tile_bottom_wall_1,864,2016,0
tile,tile_floor_1,544,1952,0
tile,tile_floor_1,480,1952,0
tile,tile_floor_1,416,1952,0
tile,tile_pillar_1,608,1952,0
tile,tile_bottom_wall_1,928,2016,0
tile,tile_bottom_wall_1,992,2016,0
tile,tile_bottom_wall_1,1056,2016,0
tile,tile_bottom_wall_1,1120,2016,0
tile,tile_top_wall_1,928,1952,0
tile,tile_top_wall_1,992,1952,0
tile,tile_top_wall_1,1056,1952,0
tile,tile_top_wall_1,1120,1952,0
tile,tile_top_wall_1,1184,1952,0
tile,tile_top_wall_1,1248,1952,0
tile,tile_top_wall_1,1312,1952,0
tile,tile_bl_point_1,1184,2016,0
tile,tile_bl_corner_1,1184,2080,0
tile,tile_bottom_wall_1,1248,2080,0
tile,tile_floor_1,1248,2016,0
tile,tile_floor_1,1312,2016,0
tile,tile_tr_corner_1,1376,1952,0
tile,tile_right_wall_1,1376,2016,0
tile,tile_right_wall_1,1376,2080,0
tile,tile_bl_point_1,1312,2080,0
tile,tile_left_wall_1,1312,2144,0
tile,tile_left_wall_1,1312,2208,0
tile,tile_bl_corner_1,1312,2272,0
tile,tile_tr_point_1,1376,2144,0
tile,tile_bottom_wall_1,1376,2272,0
tile,tile_bottom_wall_1,1440,2272,0
tile,tile_top_wall_1,1440,2144,0
tile,tile_top_wall_1,1504,2144,0
tile,tile_floor_1,1376,2208,0
tile,tile_floor_1,1440,2208,0
tile,tile_floor_1,1504,2208,0
tile,tile_floor_1,1568,2208,0
tile,tile_bottom_wall_1,1504,2272,0
tile,tile_bottom_wall_1,1568,2272,0
tile,tile_top_wall_1,1568,2144,0
tile,tile_top_wall_1,1632,2144,0
tile,tile_top_wall_1,1696,2144,0
tile,tile_tr_corner_1,1760,2144,0
tile,tile_bl_point_1,1632,2272,0
tile,tile_floor_1,1632,2208,0
tile,tile_floor_1,1696,2208,0
tile,tile_right_wall_1,1760,2208,0
tile,tile_right_wall_1,1760,2272,0
tile,tile_floor_1,1696,2272,0
tile,tile_floor_1,1696,2336,0
tile,tile_left_wall_1,1632,2336,0
tile,tile_right_wall_1,1760,2336,0
tile,tile_tl_point_1,1632,2400,0
tile,tile_tr_point_1,1760,2400,0
tile,tile_tl_corner_1,1568,2400,0
tile,tile_tr_corner_1,1824,2400,0
tile,tile_bl_corner_1,1568,2528,0
tile,tile_br_corner_1,1824,2528,0
tile,tile_bottom_wall_1,1632,2528,0
tile,tile_bottom_wall_1,1696,2528,0
tile,tile_bottom_wall_1,1760,2528,0
tile,tile_left_wall_1,1568,2464,0
tile,tile_right_wall_1,1824,2464,0
tile,tile_floor_1,1696,2400,0
tile,tile_floor_1,1632,2464,0
tile,tile_floor_1,1696,2464,0
tile,tile_floor_1,1760,2464,0
tile,tile_floor_1,1120,3936,0
aiSpawn,shotgun,864,2592
aiSpawn,rifle,864,2464
aiSpawn,rifle,1056,3808
aiSpawn,rifle,928,3808
aiSpawn,shotgun,992,3552
aiSpawn,shotgun,1184,3232
aiSpawn,rifle,1568,2720
aiSpawn,rifle,1504,2720
aiSpawn,shotgun,1312,2720
aiSpawn,shotgun,1120,2592
aiSpawn,launcher,736,2464
aiSpawn,shotgun,608,2336
aiSpawn,rifle,416,1952
aiSpawn,rifle,672,1696
aiSpawn,launcher,416,1696
aiSpawn,rifle,1248,2016
aiSpawn,shotgun,1440,2208
aiSpawn,rifle,1696,2208
aiSpawn,rifle,1696,2336
aiSpawn,launcher,1632,2464
aiSpawn,launcher,1760,2464
